Age;Age.Group;Sex;Condition;Gains.e.c;Losses.e.c;Accuracy.PM.Task;Accuracy.OngoingTask;RT.Mdn.OngoingTask;RT.Mdn.PM.Task;Monetary.Motivation;PayoffRetained;Importance.OngoingTask;Importance.PMTask;N.Nontargets;N.Targets;LossAversion;Education;Income;LifeSatisfaction;Health;CognitiveSpeed;Vocabulary;SocialValueOrientation;GainOrientation;MaintenanceOrientation;LossOrientation;PositiveAffect;Negative.Affect;PRMQ.Prospective;PRMQ.Retrospective;ZAge;ZAccuracy.PM.Task;ZAccuracy.OngoingTask;ZRT.Mdn.OngoingTask;ZMonetary.Motivation;ZImportance.OngoingTask;ZImportance.PMTask;ZCognitiveSpeed;ZGainOrientation;ZMaintenanceOrientation;ZLossOrientation;ZAge.x.Gains;ZAge.x.Losses
55;Middle;2;Control;-1;-1;,833333333333333;,98371335504886;1675;2568;50; ;99;90;307;12;3;2;9;5;2;31;32;20,9372852742747;4,16666666666667;8;6,16666666666667;3,1;1,1;4,875;4,625;,197667892114219;1,20177696704342;,726642260832697;,588994209093615;-,0682032911705196;,680699852183269;,496386764777462;-,153134791123788;-1,85150713227196;1,28527712752149;,297762373017936;-,197667892114219;-,197667892114219
46;Middle;1;Control;-1;-1;,916666666666667;,983498349834984;1407;1152,5;50; ;90;90;303;12;1;3;4;7;6;36;32;37,4824114277185;6,66666666666667;6,66666666666667;4,33333333333333;3,4;1,1;3,375;2,625;-,229294754852494;1,47422010818677;,720342694480985;-,0121245555133214;-,0682032911705196;,28043351442033;,496386764777462;,344415071733289;,162622302512203;,444768924237682;-,639550025353306;,229294754852494;,229294754852494
57;Middle;1;Control;-1;-1;,916666666666667;,900662251655629;838;867;20; ;90;100;302;12;2;3;5;6;6;34;35;35,7617070687069;7,66666666666667;7;6,66666666666667;4,5;1,4;3,875;4;,292548480329044;1,47422010818677;-1,7067216887006;-1,28838044007058;-,845369548929019;,28043351442033;,890133842007355;,145395126590458;,968274076425868;,654895975058634;,553393027119184;-,292548480329044;-,292548480329044
42;Middle;1;Control;-1;-1;,75;,967320261437909;1018;1071;100; ;100;100;306;12;1;6;4;7;7;48;34;30,4290662871776;4,16666666666667;7,16666666666667;5,66666666666667;2,8;1;4,125;4,75;-,419055931282144;,929333825900077;,246331206741811;-,884643956379359;1,22707380509365;,725173889712485;,890133842007355;1,53853474259027;-1,85150713227196;,75995950046911;,0421317189166884;,419055931282144;,419055931282144
63;Middle;2;Control;-1;-1;,666666666666667;,99009900990099;1098;1725,5;90; ;100;80;303;12;3;6;1;6;7;25;36;32,5628654598417;6;6,16666666666667;5,66666666666667;4,1;1;4,75;4,875;,577190244973519;,656890684756732;,913739381478567;-,705205519183259;,968018385840813;,725173889712485;,102639687547569;-,750194626552281;-,374478880096907;,129578348006255;,0421317189166884;-,577190244973519;-,577190244973519
65;Middle;2;Control;-1;-1;0;,957095709570957;753;732;20; ;80;30;303;12;3;4;3;5;5;30;34;32,8423496666755;7;7,83333333333333;8;3,4;1,2;3,625;3,625;,672070833188344;-1,52265444439003;-,0532440535093462;-1,47903377959144;-,845369548929019;-,164306860871825;-1,8660956986019;-,252644763695204;,431172893816758;1,18021360211101;1,23507477138918;-,672070833188344;-,672070833188344
49;Middle;2;Control;-1;-1;,333333333333333;,957236842105263;1379;1408,5;0; ;100;100;304;12;4;6;2;6;7;29;31;29,4325684463162;7,16666666666667;6,5;3,5;4;1,1;3,75;4,125;-,0869738725302564;-,432881879816649;-,0491089269781487;-,0749280085319565;-1,36348038743468;,725173889712485;,890133842007355;-,352154736266619;,565448189469036;,339705398827206;-1,06560111552205;,0869738725302564;,0869738725302564
38;Middle;2;Control;-1;-1;,25;,92358803986711;1524;1415;75; ;85;80;301;12;1;4;4;6;7;35;31;37,0686679828955;6,5;7,66666666666667;4;4,2;1,1;4,25;4,75;-,608817107711794;-,705325020959994;-1,03500530843395;,250304158885975;,579435256961563;,0580633267742523;,102639687547569;,244905099161874;,0283470068599256;1,07515007670054;-,809970461420805;,608817107711794;,608817107711794
65;Middle;2;Control;-1;-1;0;,971061093247588;1256;1203,5;50; ;100;100;311;12;0;2;7;6;7;24;35;7,81529354676688;4,16666666666667;5,66666666666667;5,66666666666667;3,1;1;4,25;3,875;,672070833188344;-1,52265444439003;,355936075250811;-,350814605720961;-,0682032911705196;,725173889712485;,890133842007355;-,849704599123696;-1,85150713227196;-,185612228225173;,0421317189166884;-,672070833188344;-,672070833188344
57;Middle;1;Control;-1;-1;,5;,983552631578947;1348;1632;80; ;100;80;304;12;4;6;1;6;6;35;33;-16,260204708312;4,66666666666667;6,66666666666667;8;2,7;1;3,875;4;,292548480329044;,112004402470041;,721933127762214;-,144460402945445;,70896296658798;,725173889712485;,102639687547569;,244905099161874;-1,44868124531513;,444768924237682;1,23507477138918;-,292548480329044;-,292548480329044
62;Middle;2;Control;-1;-1;,166666666666667;,884244372990354;1573;1349;50; ;100;100;311;12;5;3;2;4;3;23;29;7,77763789012932;7,33333333333333;7,33333333333333;7,5;2,5;1,7;4,375;4;,529749950866106;-,97776816210334;-2,18775893492157;,360210201668587;-,0682032911705196;,725173889712485;,890133842007355;-,949214571695112;,699723485121313;,865023025879585;,979444117287931;-,529749950866106;-,529749950866106
65;Middle;1;Control;-1;-1;,166666666666667;,977198697068404;1092;936;0; ;100;20;307;12;3;5;6;6;6;34;36;37,4824114277185;6,66666666666667;5,66666666666667;5;3,6;1,8;3,25;4;,672070833188344;-,97776816210334;,535765400375799;-,718663401972966;-1,36348038743468;,725173889712485;-2,25984277583179;,145395126590458;,162622302512203;-,185612228225173;-,298709153218309;-,672070833188344;-,672070833188344
49;Middle;2;Control;-1;-1;1;,967213114754098;1277;1604;10; ;80;90;305;12;4;6;5;4;4;35;34;37,4824114277185;7;4,33333333333333;5,83333333333333;2,5;1,5;3,125;3,875;-,0869738725302564;1,74666324933011;,243191851970553;-,303712015956984;-1,10442496818185;-,164306860871825;,496386764777462;,244905099161874;,431172893816758;-1,02612043150898;,127341936950437;,0869738725302564;,0869738725302564
65;Middle;2;Control;-1;-1;0;,851973684210526;1320,5;1159,5;0; ;80;80;304;12;3;5;9;6;6;38;30;37,4824114277185;4,83333333333333;7,66666666666667;7,66666666666667;2,8;1,1;4,125;4,375;,672070833188344;-1,52265444439003;-3,1332771459396;-,206142365731605;-1,36348038743468;-,164306860871825;,102639687547569;,54343501687612;-1,31440594966285;1,07515007670054;1,06465433532168;-,672070833188344;-,672070833188344
44;Middle;1;Control;-1;-1;0;,927392739273927;1165;1007,5;100; ;100;100;303;12;5;6;2;7;7;28;26;7,81529354676688;8;8;8;3,3;2,3;3,5;3,25;-,324175343067319;-1,52265444439003;-,92352914499847;-,554925828031525;1,22707380509365;,725173889712485;,890133842007355;-,451664708838035;1,23682466773042;1,28527712752149;1,23507477138918;,324175343067319;,324175343067319
57;Middle;1;Control;-1;-1;,5;,976973684210526;1230;1211,5;10; ;80;20;304;12;6;3;5;6;6;27;30;34,8753283446022;8;8;1;3,4;1,1;4,375;4,5;,292548480329044;,112004402470041;,529172614077124;-,409132097809693;-1,10442496818185;-,164306860871825;-2,25984277583179;-,55117468140945;1,23682466773042;1,28527712752149;-2,34375438602829;-,292548480329044;-,292548480329044
46;Middle;2;Control;-1;-1;,416666666666667;,986928104575163;1912;2654,5;50; ;90;80;306;12;2;2;-9;5;6;38;28;34,8753283446022;7,33333333333333;7;6,33333333333333;3,2;1;3,625;3,625;-,229294754852494;-,160438738673304;,82083312988169;1,12058057928706;-,0682032911705196;,28043351442033;,102639687547569;,54343501687612;,699723485121313;,654895975058634;,382972591051685;,229294754852494;,229294754852494
49;Middle;1;Control;-1;-1;,416666666666667;,963934426229508;2036;1420;50; ;80;80;305;12;0;2;3;6;6;28;35;37,4824114277185;6,66666666666667;6,33333333333333;5,83333333333333;2,4;1,1;4;4,375;-,0869738725302564;-,160438738673304;,147127595970116;1,39871015694102;-,0682032911705196;-,164306860871825;,102639687547569;-,451664708838035;,162622302512203;,23464187341673;,127341936950437;,0869738725302564;,0869738725302564
37;Middle;1;Control;-1;-1;,666666666666667;,993399339933993;1287;1418;80; ;95;85;303;12;2;4;7;6;5;45;35;45;5,5;6;5,66666666666667;3,7;1,9;3,25;3,25;-,656257401819207;,656890684756732;1,01043772497736;-,281282211307472;,70896296658798;,502803702066407;,299513226162515;1,24000482487603;-,777304767053739;,0245148225957787;,0421317189166884;,656257401819207;,656257401819207
38;Middle;2;Gains;1;0;0;,901315789473684;1376,5;1107,5;100;100;100;100;304;12;3;1;9;6;6;21;24;43,0113621435259;8;8;8;2,8;3,1;3,25;3,375;-,608817107711794;-1,52265444439003;-1,68757329330142;-,0805354596943346;1,22707380509365;,725173889712485;,890133842007355;-1,14823451683794;1,23682466773042;1,28527712752149;1,23507477138918;-,608817107711794;0
53;Middle;2;Gains;1;0;,666666666666667;,980327868852459;1222;1073,5;100;75;70;100;305;12;3;2;1;4;6;29;36;45;6,83333333333333;6,66666666666667;6,83333333333333;2,5;1,6;3,875;4;,102787303899394;,656890684756732;,62744887597231;-,427075941529303;1,22707380509365;-,60904723616398;,890133842007355;-,352154736266619;,29689759816448;,444768924237682;,638603245152933;,102787303899394;0
37;Middle;1;Gains;1;0;,833333333333333;,98019801980198;1361;1624,5;85;100;95;85;303;12;2;4;8;5;6;44;35;16,260204708312;4,83333333333333;5;3;4,1;2,2;2,75;3,625;-,656257401819207;1,20177696704342;,623644350982192;-,115301656901079;,838490676214396;,502803702066407;,299513226162515;1,14049485230461;-1,31440594966285;-,605866329867076;-1,3212317696233;-,656257401819207;0
62;Middle;2;Gains;1;0;,333333333333333;,96742671009772;1429;1439;80;100;100;80;307;12;0;3;9;6;6;33;35;19,0577045101283;7;7,5;7,33333333333333;3,5;1,1;4;3,875;,529749950866106;-,432881879816649;,249450109690452;,0372210147156062;,70896296658798;,725173889712485;,102639687547569;,0458851540190427;,431172893816758;,970086551290061;,894233899254181;,529749950866106;0
50;Middle;1;Gains;1;0;,75;,98019801980198;1081;1035,5;75;100;100;90;303;12;2;6;5;5;6;38;34;16,260204708312;7;6,83333333333333;5;3,4;1,2;4,25;4,125;-,0395335784228439;,929333825900077;,623644350982192;-,74333618708743;,579435256961563;,725173889712485;,496386764777462;,54343501687612;,431172893816758;,549832449648158;-,298709153218309;-,0395335784228439;0
36;Middle;2;Gains;1;0;,5;,964052287581699;1409;1177,5;50;0;100;100;306;12;4;5;1;6;6;56;31;29,4949558176877;8;6;6;4,2;1,5;4,75;4,375;-,703697695926619;,112004402470041;,150580886218498;-,00763859458341888;-,0682032911705196;,725173889712485;,890133842007355;2,3346145231616;1,23682466773042;,0245148225957787;,212552154984187;-,703697695926619;0
56;Middle;2;Gains;1;0;,833333333333333;,986754966887417;1138;1358;50;0;80;80;302;12;4;6;3;6;5;49;34;34,8753283446022;6,83333333333333;7,33333333333333;6,66666666666667;3,5;1,4;3,25;3,75;,245108186221631;1,20177696704342;,815760265218203;-,615486300585209;-,0682032911705196;-,164306860871825;,102639687547569;1,63804471516169;,29689759816448;,865023025879585;,553393027119184;,245108186221631;0
36;Middle;2;Gains;1;0;,833333333333333;,973684210526316;1397;1644;100;100;100;87;304;12;6;6;2;7;6;52;28;30,4655449194599;7,16666666666667;5,16666666666667;4,33333333333333;4,6;1;3,75;3,625;-,703697695926619;1,20177696704342;,432792357234579;-,0345543601628339;1,22707380509365;,725173889712485;,378262641608494;1,93657463287594;,565448189469036;-,5008028044566;-,639550025353306;-,703697695926619;0
40;Middle;2;Gains;1;0;,666666666666667;,944078947368421;1175;1480,5;64;50;84;90;304;12;6;6;2;4;6;50;33;22,0205965560157;6,66666666666667;5,33333333333333;6,66666666666667;3,8;2,6;3,75;3,5;-,513936519496969;,656890684756732;-,434629954348332;-,532496023382012;,294474295783447;,0135892892450369;,496386764777462;1,73755468773311;,162622302512203;-,395739279046125;,553393027119184;-,513936519496969;0
43;Middle;1;Gains;1;0;1;,99009900990099;1310;1141,5;70;100;70;70;303;12;4;6;5;7;6;38;35;17,7097245238628;5,16666666666667;6,5;5,5;2,6;1;4,375;4,25;-,371615637174732;1,74666324933011;,913739381478567;-,229693660613593;,449907547335146;-,60904723616398;-,291107389682324;,54343501687612;-1,04585535835829;,339705398827206;-,043078499117061;-,371615637174732;0
57;Middle;2;Gains;1;0;,833333333333333;,957377049180328;2119;1815;3;0;5;9;305;12;3;3;1;6;6;27;32;28,1013513059618;6,33333333333333;7,5;6,83333333333333;3,1;1,2;3,625;3,5;,292548480329044;1,20177696704342;-,0450009160307625;1,58487753553197;-1,28576376165883;-3,49985967556299;-2,69296456078467;-,55117468140945;-,105928288792352;,970086551290061;,638603245152933;,292548480329044;0
59;Middle;2;Gains;1;0;0;,885245901639344;2433;2254,5;80;100;60;80;305;12;2;5;1;4;6;16;21;24,264766062003;5,33333333333333;5,16666666666667;5,16666666666667;2,2;2,3;3,625;3,625;,387429068543869;-1,52265444439003;-2,15841454804041;2,28917340152666;,70896296658798;-1,05378761145613;,102639687547569;-1,64578437969502;-,911580062706017;-,5008028044566;-,213498935184559;,387429068543869;0
59;Middle;1;Gains;1;0;0;,933774834437086;1011;1055;50;0;100;75;302;12;1;7;1;6;7;22;33;37,4824114277185;5,66666666666667;2,16666666666667;2,16666666666667;4;1;4,25;4,375;,387429068543869;-1,52265444439003;-,736536321808754;-,900344819634018;-,0682032911705196;,725173889712485;-,0942338510673774;-1,04872454426653;-,643029471401462;-2,39194626184517;-1,74728285979205;,387429068543869;0
43;Middle;1;Gains;1;0;,666666666666667;,983333333333333;1169,5;1126;51;50;75;76;300;12;4;4;9;5;6;41;33;25,3959118491706;4,16666666666667;5,16666666666667;3,83333333333333;3,1;2,2;3,75;3,625;-,371615637174732;,656890684756732;,715507777306043;-,544832415939244;-,0422977492452363;-,386677048517902;-,0548591433443881;,841964934590366;-1,85150713227196;-,5008028044566;-,895180679454554;-,371615637174732;0
61;Middle;2;Gains;1;0;,666666666666667;,980392156862745;2130,5;2314,5;100;100;90;80;306;12;4;4;6;2;5;20;32;27,5076754748896;5,83333333333333;7,66666666666667;7,5;3,3;1,1;3,875;4,25;,482309656758694;,656890684756732;,629332488835062;1,61067181087891;1,22707380509365;,28043351442033;,102639687547569;-1,24774448940936;-,508754175749185;1,07515007670054;,979444117287931;,482309656758694;0
53;Middle;1;Gains;1;0;,5;,980456026058632;1452;1421;80;0;80;70;307;12;3;6;4;5;6;25;34;52,1805354977202;5,16666666666667;6,66666666666667;6,16666666666667;3,5;1,2;4;4;,102787303899394;,112004402470041;,631203830604248;,088809565409485;,70896296658798;-,164306860871825;-,291107389682324;-,750194626552281;-1,04585535835829;,444768924237682;,297762373017936;,102787303899394;0
36;Middle;1;Gains;1;0;,333333333333333;,940397350993378;926;831;0;0;100;100;302;12;2;6;8;5;6;39;26;34,8753283446022;7,5;5,5;3,66666666666667;2,9;1;4,25;4,625;-,703697695926619;-,432881879816649;-,542499248430384;-1,09099815915487;-1,36348038743468;,725173889712485;,890133842007355;,642944989447535;,833998780773591;-,290675753635649;-,980390897488303;-,703697695926619;0
63;Middle;1;Gains;1;0;,25;,758278145695364;1733,5;2126;0;0;100;80;302;12;1;6;5;7;6;33;35;37,4824114277185;6,83333333333333;7,5;7,5;3,8;1,2;3,5;3,875;,577190244973519;-,705325020959994;-5,87851876633555;,720208566293263;-1,36348038743468;,725173889712485;,102639687547569;,0458851540190427;,29689759816448;,970086551290061;,979444117287931;,577190244973519;0
62;Middle;2;Gains;1;0;,5;,983606557377049;1120;1507;0;0;100;100;305;12;4;6;3;6;6;28;37;7,81529354676688;6;7;8;4,3;1,1;2,625;2,875;,529749950866106;,112004402470041;,723513131972747;-,655859948954331;-1,36348038743468;,725173889712485;,890133842007355;-,451664708838035;-,374478880096907;,654895975058634;1,23507477138918;,529749950866106;0
49;Middle;1;Gains;1;0;,75;,99009900990099;1191;1391,5;0;0;90;90;303;12;3;3;5;3;5;40;32;40,072890052351;5,66666666666667;3,33333333333333;1,5;2,8;1,5;4;4,125;-,0869738725302564;,929333825900077;,913739381478567;-,496608335942792;-1,36348038743468;,28043351442033;,496386764777462;,742454962018951;-,643029471401462;-1,65650158397183;-2,08812373192704;-,0869738725302564;0
39;Middle;1;Losses;0;1;,5;,960264900662252;1435;1698;100;0;90;100;302;12;2;4;1;5;4;38;35;21,5014343240479;7,66666666666667;8;6,66666666666667;2,1;1,1;3,875;3,375;-,561376813604382;,112004402470041;,0396119717047246;,0506788975053137;1,22707380509365;,28043351442033;,890133842007355;,54343501687612;,968274076425868;1,28527712752149;,553393027119184;0;-,561376813604382
38;Middle;1;Losses;0;1;,5;,954248366013072;805;736;80;100;90;85;306;12;2;4;9;6;6;42;35;0;3,83333333333333;5,33333333333333;2,33333333333333;3;1,2;3;3,125;-,608817107711794;,112004402470041;-,13667007535144;-1,36239879541398;,70896296658798;,28043351442033;,299513226162515;,941474907161782;-2,12005772357651;-,395739279046125;-1,6620726417583;0;-,608817107711794
47;Middle;1;Losses;0;1;,583333333333333;,986928104575163;1688,5;1594,5;98;0;98;98;306;12;1;3;3;4;4;32;33;37,4824114277185;5,5;6,5;3;2,8;1,7;3,375;3,75;-,181854460745081;,384447543613387;,82083312988169;,619274445370457;1,17526272124308;,636225814654054;,811384426561376;-,0536248185523727;-,777304767053739;,339705398827206;-1,3212317696233;0;-,181854460745081
63;Middle;1;Losses;0;1;0;,960655737704918;1718;1850,5;50; ;90;50;305;12;4;2;1;4;6;28;33;5,22394759626842;6,66666666666667;6,66666666666667;6,66666666666667;1,5;1,1;4,25;3,625;,577190244973519;-1,52265444439003;,0510633399696783;,685442369086518;-,0682032911705196;,28043351442033;-1,07860154414211;-,451664708838035;,162622302512203;,444768924237682;,553393027119184;0;,577190244973519
48;Middle;2;Losses;0;1;,5;,940789473684211;1657;2190;60;75;75;60;304;12;2;5;3;5;5;16;24;40,3999043337367;7,66666666666667;7;4,33333333333333;3,9;1,1;3,75;3,125;-,134414166637669;,112004402470041;-,531010211190876;,548620560724492;,190852128082313;-,386677048517902;-,684854466912217;-1,64578437969502;,968274076425868;,654895975058634;-,639550025353306;0;-,134414166637669
60;Middle;2;Losses;0;1;,416666666666667;,983606557377049;1427;1173,5;50;0;90;80;305;12;1;3;1;4;2;37;33;27,6810615684853;6,5;4,83333333333333;3,5;4,1;1;2,875;4;,434869362651281;-,160438738673304;,723513131972747;,0327350537857037;-,0682032911705196;,28043351442033;,102639687547569;,443925044304704;,0283470068599256;-,710929855277552;-1,06560111552205;0;,434869362651281
45;Middle;2;Losses;0;1;,583333333333333;,986754966887417;1106;1316;100;0;100;100;302;12;1;3;8;7;7;40;35;12,8243981022352;7;6,16666666666667;5,66666666666667;4,2;1;3,75;3;-,276735048959906;,384447543613387;,815760265218203;-,687261675463649;1,22707380509365;,725173889712485;,890133842007355;,742454962018951;,431172893816758;,129578348006255;,0421317189166884;0;-,276735048959906
64;Middle;2;Losses;0;1;,333333333333333;,972972972972973;1335;1646;70;50;70;80;296;12;3;3;1;4;4;30;34;26,3282931051709;6,5;4,5;5;3,3;1;3,875;4,375;,624630539080931;-,432881879816649;,411953382782137;-,173619148989812;,449907547335146;-,60904723616398;,102639687547569;-,252644763695204;,0283470068599256;-,921056906098504;-,298709153218309;0;,624630539080931
44;Middle;2;Losses;0;1;,166666666666667;,97682119205298;1161,5;1085,5;0;0;95;95;302;12;6;6;1;7;5;34;34;37,0136158549098;5,33333333333333;5;4,16666666666667;3,6;1;4,875;4,875;-,324175343067319;-,97776816210334;,524704655150648;-,562776259658854;-1,36348038743468;,502803702066407;,693260303392408;,145395126590458;-,911580062706017;-,605866329867076;-,724760243387055;0;-,324175343067319
46;Middle;2;Losses;0;1;,166666666666667;,967213114754098;1326;1144;80;90;90;90;305;12;2;5;1;6;6;30;33;30,3276341191339;7,33333333333333;7;6,5;2;1,3;2,875;3,25;-,229294754852494;-,97776816210334;,243191851970553;-,193805973174373;,70896296658798;,28043351442033;,496386764777462;-,252644763695204;,699723485121313;,654895975058634;,468182809085435;0;-,229294754852494
65;Middle;2;Losses;0;1;,833333333333333;,976897689768977;1727;1635;100;0;70;100;303;12;4;3;2;7;6;32;33;34,8753283446022;8;8;8;4,6;1,3;4,125;4,5;,672070833188344;1,20177696704342;,526946007483403;,70562919327108;1,22707380509365;-,60904723616398;,890133842007355;-,0536248185523727;1,23682466773042;1,28527712752149;1,23507477138918;0;,672070833188344
52;Middle;2;Losses;0;1;,333333333333333;,960264900662252;1254;1195;50;100;60;90;302;12;4;6;2;6;6;33;30;35,7617070687069;7;7,16666666666667;7,16666666666667;3,3;1,1;3,5;3,625;,0553470097919812;-,432881879816649;,0396119717047246;-,355300566650863;-,0682032911705196;-1,05378761145613;,496386764777462;,0458851540190427;,431172893816758;,75995950046911;,809023681220432;0;,0553470097919812
45;Middle;2;Losses;0;1;,166666666666667;,927868852459016;2348;2287,5;30;50;70;30;305;12;4;2;2;6;5;26;32;37,4824114277185;8;6,83333333333333;5,33333333333333;3,7;2,2;3,5;3,625;-,276735048959906;-,97776816210334;-,90957922003471;2,09852006200581;-,586314129676186;-,60904723616398;-1,8660956986019;-,650684653980865;1,23682466773042;,549832449648158;-,12828871715081;0;-,276735048959906
51;Middle;1;Losses;0;1;1;,983660130718954;2517;1928,5;80;50;70;80;306;12;4;3;2;6;6;26;31;32,9052429229879;6,5;5;5,66666666666667;2,8;1,1;3,875;4,25;,00790671568456864;1,74666324933011;,725082809358374;2,47758376058257;,70896296658798;-,60904723616398;,102639687547569;-,650684653980865;,0283470068599256;-,605866329867076;,0421317189166884;0;,00790671568456864
53;Middle;1;Losses;0;1;,833333333333333;,990066225165563;987;872;70;50;80;80;302;12;1;6;9;6;6;35;36;32,9052429229879;4,83333333333333;6;6,33333333333333;2,8;1,1;3,5;3,75;,102787303899394;1,20177696704342;,912778801907385;-,954176350792848;,449907547335146;-,164306860871825;,102639687547569;,244905099161874;-1,31440594966285;,0245148225957787;,382972591051685;0;,102787303899394
38;Middle;2;Losses;0;1;0;,944078947368421;1669;2390,5;100;100;100;100;304;12;2;1;9;3;6;25;30;4,03771062097712;3,33333333333333;3,33333333333333;3,33333333333333;2,4;3,3;3,5;2,625;-,608817107711794;-1,52265444439003;-,434629954348332;,575536326303907;1,22707380509365;,725173889712485;,890133842007355;-,750194626552281;-2,52288361053335;-1,65650158397183;-1,1508113335558;0;-,608817107711794
40;Middle;2;Losses;0;1;,583333333333333;,977049180327869;1240;964,5;100;0;100;100;305;12;1;5;7;7;6;35;31;26,8725389916558;6,83333333333333;5,83333333333333;4,33333333333333;4;1,3;3,375;3,875;-,513936519496969;,384447543613387;,531384619971869;-,386702293160181;1,22707380509365;,725173889712485;,890133842007355;,244905099161874;,29689759816448;-,0805487028146973;-,639550025353306;0;-,513936519496969
37;Middle;1;Losses;0;1;,75;,967320261437909;1589;1237,5;95;0;95;95;306;12;2;6;1;5;6;36;33;37,4824114277185;7,83333333333333;4,16666666666667;4,66666666666667;3,2;1,9;4,625;4,625;-,656257401819207;,929333825900077;,246331206741811;,396097889107807;1,09754609546723;,502803702066407;,693260303392408;,344415071733289;1,10254937207815;-1,13118395691946;-,469129589285807;0;-,656257401819207
58;Middle;1;Losses;0;1;,75;,986798679867987;1332;1595;95;50;90;100;303;12;4;3;6;5;6;40;32;-10,3888578154696;5,5;7;5,66666666666667;3,3;1,1;3,875;3,375;,339988774436456;,929333825900077;,817041037979774;-,180348090384665;1,09754609546723;,28043351442033;,890133842007355;,742454962018951;-,777304767053739;,654895975058634;,0421317189166884;0;,339988774436456
53;Middle;2;Losses;0;1;0;,862745098039216;2030;1918;50; ;100;90;306;12;0;2;9;5;6;29;27;22,0362269401455;7;6,83333333333333;7,16666666666667;3,1;1,2;3;3;,102787303899394;-1,52265444439003;-2,81767905000421;1,38525227415131;-,0682032911705196;,725173889712485;,496386764777462;-,352154736266619;,431172893816758;,549832449648158;,809023681220432;0;,102787303899394
53;Middle;2;Losses;0;1;,75;,983277591973244;1237;1552,5;95;75;80;95;299;12;4;2;1;3;6;32;33;25,2276494674286;6;7;7,16666666666667;2;1,4;2,875;3,75;,102787303899394;,929333825900077;,713874577858992;-,393431234555035;1,09754609546723;-,164306860871825;,693260303392408;-,0536248185523727;-,374478880096907;,654895975058634;,809023681220432;0;,102787303899394
78;Older;1;Control;-1;-1;,416666666666667;,983606557377049;1331;1580;20; ;60;70;305;12;3;5;8;6;6;22;33;10,304846468766;8;7,66666666666667;7,66666666666667;3,8;1;4,125;3,75;1,28879465658471;-,160438738673304;,723513131972747;-,182591070849617;-,845369548929019;-1,05378761145613;-,291107389682324;-1,04872454426653;1,23682466773042;1,07515007670054;1,06465433532168;-1,28879465658471;-1,28879465658471
73;Older;2;Control;-1;-1;0;,908496732026144;1389,5;1134,5;100; ;100;50;306;12;3;4;3;6;6;24;29;34,8753283446022;4,83333333333333;3,66666666666667;3,66666666666667;4,5;1;4,75;4,75;1,05159318604764;-1,52265444439003;-1,47717456267782;-,0513767136499683;1,22707380509365;,725173889712485;-1,07860154414211;-,849704599123696;-1,31440594966285;-1,44637453315088;-,980390897488303;-1,05159318604764;-1,05159318604764
85;Older;2;Control;-1;-1;,75;,986885245901639;2044;2307;0; ;70;100;305;12;3;6;2;6;6;17;33;33,822085217494;3,83333333333333;7,83333333333333;7,66666666666667;3,3;1,7;2,25;2,875;1,62087671533659;,929333825900077;,819577387973188;1,41665400066063;-1,36348038743468;-,60904723616398;,890133842007355;-1,5462744071236;-2,12005772357651;1,18021360211101;1,06465433532168;-1,62087671533659;-1,62087671533659
67;Older;2;Control;-1;-1;,333333333333333;,960526315789474;1675,5;1933,5;10; ;75;80;304;12;1;2;2;5;6;24;30;45;7,83333333333333;7,83333333333333;8;3,9;1,1;4,25;4,125;,766951421403169;-,432881879816649;,0472713298643961;,59011569932609;-1,10442496818185;-,386677048517902;,102639687547569;-,849704599123696;1,10254937207815;1,18021360211101;1,23507477138918;-,766951421403169;-,766951421403169
77;Older;1;Control;-1;-1;,166666666666667;,954397394136808;1165;955,5;10; ;80;90;307;12;2;3;2;6;7;24;34;37,4824114277185;6,66666666666667;7;7,5;3,8;1,3;3,75;3,25;1,24135436247729;-,97776816210334;-,132303611223343;-,554925828031525;-1,10442496818185;-,164306860871825;,496386764777462;-,849704599123696;,162622302512203;,654895975058634;,979444117287931;-1,24135436247729;-1,24135436247729
73;Older;2;Control;-1;-1;0;,983498349834984;1177;1121,5;0; ;90;50;303;12;0;5;3;5;6;25;33;33,822085217494;6,5;7,5;6,5;3,2;1;3,25;3,625;1,05159318604764;-1,52265444439003;,720342694480985;-,52801006245211;-1,36348038743468;,28043351442033;-1,07860154414211;-,750194626552281;,0283470068599256;,970086551290061;,468182809085435;-1,05159318604764;-1,05159318604764
69;Older;1;Control;-1;-1;,666666666666667;,977124183006536;1297;1294,5;10; ;75;50;306;12;5;6;1;6;6;29;33;0;3,5;6,16666666666667;3,66666666666667;3,6;1,1;4,25;4,25;,861832009617994;,656890684756732;,533582168311749;-,258852406657959;-1,10442496818185;-,386677048517902;-1,07860154414211;-,352154736266619;-2,38860831488107;,129578348006255;-,980390897488303;-,861832009617994;-,861832009617994
77;Older;2;Control;-1;-1;0;,917491749174917;1883;1988;0; ;88;80;303;12;3;2;3;7;6;22;35;42,1196224471524;3;7,16666666666667;7;3,1;1;4,375;4,75;1,24135436247729;-1,52265444439003;-1,21362417549484;1,05553414580348;-1,36348038743468;,191485439361899;,102639687547569;-1,04872454426653;-2,7914342018379;,75995950046911;,723813463186683;-1,24135436247729;-1,24135436247729
73;Older;2;Control;-1;-1;,833333333333333;,983660130718954;1624;1920,5;90; ;90;80;306;12;4;6;4;7;6;28;33;34,8753283446022;6,66666666666667;8;8;4,1;1,5;3,875;4,25;1,05159318604764;1,20177696704342;,725082809358374;,474602205381101;,968018385840813;,28043351442033;,102639687547569;-,451664708838035;,162622302512203;1,28527712752149;1,23507477138918;-1,05159318604764;-1,05159318604764
72;Older;2;Control;-1;-1;,75;,986754966887417;1737,5;2139,5;5; ;99;99;302;12;2;4;3;7;6;34;34;37,4824114277185;5,66666666666667;4,5;7,33333333333333;3,4;1,2;4,25;4,625;1,00415289194023;,929333825900077;,815760265218203;,729180488153068;-1,23395267780827;,680699852183269;,850759134284365;,145395126590458;-,643029471401462;-,921056906098504;,894233899254181;-1,00415289194023;-1,00415289194023
78;Older;1;Control;-1;-1;0;,98;1607,5;1283;0; ;80;20;300;12;0;7;2;6;6;21;34;20,6235313833252;6;7,83333333333333;7,83333333333333;3;1,3;3,625;3,625;1,28879465658471;-1,52265444439003;,617842450372265;,437593027709405;-1,36348038743468;-,164306860871825;-2,25984277583179;-1,14823451683794;-,374478880096907;1,18021360211101;1,14986455335543;-1,28879465658471;-1,28879465658471
78;Older;1;Control;-1;-1;0;,983498349834984;1379;1696,5;50; ;100;60;303;12;0;6;9;5;5;17;31;29,3726162608789;6,83333333333333;6,16666666666667;6,33333333333333;3,7;1,2;4,125;4,375;1,28879465658471;-1,52265444439003;,720342694480985;-,0749280085319565;-,0682032911705196;,725173889712485;-,684854466912217;-1,5462744071236;,29689759816448;,129578348006255;,382972591051685;-1,28879465658471;-1,28879465658471
72;Older;2;Control;-1;-1;,916666666666667;,986928104575163;1198;1265;0; ;95;90;306;12;2;4;5;5;6;30;36;34,8753283446022;6;7;6,66666666666667;3,3;1;4;3,875;1,00415289194023;1,47422010818677;,82083312988169;-,480907472688133;-1,36348038743468;,502803702066407;,496386764777462;-,252644763695204;-,374478880096907;,654895975058634;,553393027119184;-1,00415289194023;-1,00415289194023
69;Older;2;Control;-1;-1;,583333333333333;,983388704318937;2173;1899;0; ;100;100;301;12;0;7;7;6;6;30;33;37,4824114277185;6;6,83333333333333;5,83333333333333;3,4;1,1;3,75;4,625;,861832009617994;,384447543613387;,717130124929529;1,70599848063934;-1,36348038743468;,725173889712485;,890133842007355;-,252644763695204;-,374478880096907;,549832449648158;,127341936950437;-,861832009617994;-,861832009617994
78;Older;2;Control;-1;-1;,166666666666667;,980263157894737;1985;1841;20; ;100;40;304;12;1;2;9;6;6;24;35;28,8460671508991;7,33333333333333;7,83333333333333;7,83333333333333;3,7;1;4,25;3,125;1,28879465658471;-,97776816210334;,625552870919669;1,2843181532285;-,845369548929019;,725173889712485;-1,472348621372;-,849704599123696;,699723485121313;1,18021360211101;1,14986455335543;-1,28879465658471;-1,28879465658471
85;Older;2;Control;-1;-1;,416666666666667;,970099667774086;1710;1583,5;0; ;50;50;301;12;3;4;1;4;6;24;33;45;7;6,66666666666667;6,5;2,8;1,2;4,125;4,125;1,62087671533659;-,160438738673304;,3277666952932;,667498525366908;-1,36348038743468;-1,49852798674829;-1,07860154414211;-,849704599123696;,431172893816758;,444768924237682;,468182809085435;-1,62087671533659;-1,62087671533659
73;Older;1;Control;-1;-1;,75;,893333333333333;2274,5;1608,5;1; ;80;90;300;12;2;3;3;6;6;27;33;30,3432488842396;7,16666666666667;7,33333333333333;7;3,1;1;4,5;4,875;1,05159318604764;,929333825900077;-1,921456049906;1,93366099783189;-1,3375748455094;-,164306860871825;,496386764777462;-,55117468140945;,565448189469036;,865023025879585;,723813463186683;-1,05159318604764;-1,05159318604764
72;Older;2;Control;-1;-1;,75;,980263157894737;1325,5;1968;6; ;10;90;304;12;2;5;3;6;6;19;33;26,6801027885319;6,83333333333333;6,83333333333333;6,66666666666667;2,7;1;3,625;3,75;1,00415289194023;,929333825900077;,625552870919669;-,194927463406849;-1,20804713588298;-3,27748948791691;,496386764777462;-1,34725446198077;,29689759816448;,549832449648158;,553393027119184;-1,00415289194023;-1,00415289194023
83;Older;1;Control;-1;-1;,166666666666667;,909385113268608;3478;4447,5;80; ;80; ;309;12;1;2;2;7;5;22;32;0;3,66666666666667;7;7,33333333333333;3,1;1,2;3,875;3,875;1,52599612712177;-,97776816210334;-1,45114534933168;4,63308798740073;,70896296658798;-,164306860871825; ;-1,04872454426653;-2,25433301922879;,654895975058634;,894233899254181;-1,52599612712177;-1,52599612712177
80;Older;1;Control;-1;-1;,583333333333333;,983388704318937;2052;1805,5;0; ;90;80;301;12;2;5;6;7;6;25;33;37,0928372970415;5,83333333333333;7,5;7,83333333333333;3,1;1,1;4,25;4;1,38367524479953;,384447543613387;,717130124929529;1,43459784438024;-1,36348038743468;,28043351442033;,102639687547569;-,750194626552281;-,508754175749185;,970086551290061;1,14986455335543;-1,38367524479953;-1,38367524479953
72;Older;2;Gains;1;0;,333333333333333;,967213114754098;1865;1731;100;98;100;100;305;12;0;6;9;4;7;11;33;7,81529354676688;8;6,83333333333333;8;3,7;1,3;4,75;4,875;1,00415289194023;-,432881879816649;,243191851970553;1,01516049743435;1,22707380509365;,725173889712485;,890133842007355;-2,1433342425521;1,23682466773042;,549832449648158;1,23507477138918;1,00415289194023;0
80;Older;1;Gains;1;0;0;,973684210526316;1473;1641;0;50;100;0;304;12;4;3;2;4;3;27;31;10,0079798014413;6,33333333333333;6,5;7,83333333333333;3,5;1,1;4,25;3,875;1,38367524479953;-1,52265444439003;,432792357234579;,135912155173461;-1,36348038743468;,725173889712485;-3,04733693029157;-,55117468140945;-,105928288792352;,339705398827206;1,14986455335543;1,38367524479953;0
77;Older;1;Gains;1;0;,583333333333333;,967320261437909;1936;1816,5;50;50;100;100;306;12;1;3;9;6;5;29;34;41,5526131481348;5;4,83333333333333;8;3,8;1,3;4;4,125;1,24135436247729;,384447543613387;,246331206741811;1,17441211044589;-,0682032911705196;,725173889712485;,890133842007355;-,352154736266619;-1,18013065401057;-,710929855277552;1,23507477138918;1,24135436247729;0
76;Older;1;Gains;1;0;,416666666666667;,986798679867987;1649;1514,5;100;100;100;80;303;12;3;2;1;5;6;23;33;4,32764820310819;6,33333333333333;5;5,5;2,6;1,5;4,25;3,875;1,19391406836988;-,160438738673304;,817041037979774;,530676717004882;1,22707380509365;,725173889712485;,102639687547569;-,949214571695112;-,105928288792352;-,605866329867076;-,043078499117061;1,19391406836988;0
66;Older;1;Gains;1;0;0;,957516339869281;1096;1115,5;80;100;80;80;306;12;2;5;2;4;3;24;35;28,37379049957;6,5;4,33333333333333;5,5;2,4;1,3;3,375;3,375;,719511127295757;-1,52265444439003;-,0409197548281275;-,709691480113161;,70896296658798;-,164306860871825;,102639687547569;-,849704599123696;,0283470068599256;-1,02612043150898;-,043078499117061;,719511127295757;0
80;Older;1;Gains;1;0;0;,954248366013072;984;1074,5;0;0;100;50;306;12;6;3;2;7;6;15;33;58,2010871757056;6;6,33333333333333;1,5;3,4;1;4,125;4,125;1,38367524479953;-1,52265444439003;-,13667007535144;-,960905292187702;-1,36348038743468;,725173889712485;-1,07860154414211;-1,74529435226644;-,374478880096907;,23464187341673;-2,08812373192704;1,38367524479953;0
83;Older;1;Gains;1;0;,666666666666667;,976973684210526;2003;2310,5;50;100;90;100;304;12;3;5;4;5;5;18;35;34,8753283446022;6;5,83333333333333;6,16666666666667;3;1,6;3,875;4;1,52599612712177;,656890684756732;,529172614077124;1,32469180159763;-,0682032911705196;,28043351442033;,890133842007355;-1,44676443455219;-,374478880096907;-,0805487028146973;,297762373017936;1,52599612712177;0
69;Older;2;Gains;1;0;0;,980519480519481;1492,5;1361;0;69;95;0;308;12;6;3;7;6;6;26;32;36,6341138759674;8;7,83333333333333;7,83333333333333;3,6;1,4;4;3,875;,861832009617994;-1,52265444439003;,633063020803505;,179650274240011;-1,36348038743468;,502803702066407;-3,04733693029157;-,650684653980865;1,23682466773042;1,18021360211101;1,14986455335543;,861832009617994;0
74;Older;1;Gains;1;0;,166666666666667;,976973684210526;1607;1627,5;80;100;100;80;304;12;6;5;9;6;5;25;34;7,81529354676688;6,83333333333333;7,66666666666667;8;2,9;1,2;3,625;3,875;1,09903348015506;-,97776816210334;,529172614077124;,436471537476929;,70896296658798;,725173889712485;,102639687547569;-,750194626552281;,29689759816448;1,07515007670054;1,23507477138918;1,09903348015506;0
72;Older;2;Gains;1;0;0;,933110367892977;1011;1007,5;60;48;50;10;299;12;4;3;3;6;3;34;33;18,9390042602401;6,66666666666667;5,16666666666667;7,66666666666667;3,4;1,1;4,5;4,75;1,00415289194023;-1,52265444439003;-,756004924488857;-,900344819634018;,190852128082313;-1,49852798674829;-2,65358985306168;,145395126590458;,162622302512203;-,5008028044566;1,06465433532168;1,00415289194023;0
70;Older;2;Gains;1;0;,5;,980066445182724;2505;2607,5;0;0;10;100;301;12;1;6;4;4;6;22;34;37,4824114277185;6,83333333333333;7,16666666666667;7,66666666666667;3,1;1,1;4,5;4,75;,909272303725407;,112004402470041;,619789267520446;2,45066799500316;-1,36348038743468;-3,27748948791691;,890133842007355;-1,04872454426653;,29689759816448;,75995950046911;1,06465433532168;,909272303725407;0
80;Older;1;Gains;1;0;,333333333333333;,940983606557377;1952;2110,5;100; ;100;100;305;12;1;7;3;7;7;21;30;16,4441857914888;7,66666666666667;7,66666666666667;8;4,1;1;4,5;4;1,38367524479953;-,432881879816649;-,525322196032956;1,21029979788511;1,22707380509365;,725173889712485;,890133842007355;-1,14823451683794;,968274076425868;1,07515007670054;1,23507477138918;1,38367524479953;0
76;Older;2;Gains;1;0;,75;,940789473684211;1260;1531;80;100;100;100;304;12;0;2;9;6;6;25;34;34,8753283446022;6,5;7,5;6,33333333333333;3,8;1,2;3,875;4,125;1,19391406836988;,929333825900077;-,531010211190876;-,341842683861156;,70896296658798;,725173889712485;,890133842007355;-,750194626552281;,0283470068599256;,970086551290061;,382972591051685;1,19391406836988;0
70;Older;1;Gains;1;0;,75;,996699669966997;1360;1557;90;0;90;60;303;12;1;5;5;6;3;32;34;37,4824114277185;5,66666666666667;4,5;8;3,2;1,1;3,375;4,375;,909272303725407;,929333825900077;1,10713606847615;-,11754463736603;,968018385840813;,28043351442033;-,684854466912217;-,0536248185523727;-,643029471401462;-,921056906098504;1,23507477138918;,909272303725407;0
78;Older;2;Gains;1;0;,166666666666667;,943708609271523;1238;1239,5;60;5;80;80;302;12;4;2;9;6;6;15;33;0;6,83333333333333;7;7,16666666666667;4,3;1,2;3,875;4,125;1,28879465658471;-,97776816210334;-,445480711741199;-,391188254090083;,190852128082313;-,164306860871825;,102639687547569;-1,74529435226644;,29689759816448;,654895975058634;,809023681220432;1,28879465658471;0
67;Older;2;Gains;1;0;,583333333333333;,983606557377049;1146;1208;80;50;100;100;305;12;5;6;2;4;3;29;34;34,8753283446022;7,83333333333333;4,33333333333333;5,66666666666667;2,8;1,1;3,5;3,875;,766951421403169;,384447543613387;,723513131972747;-,597542456865599;,70896296658798;,725173889712485;,890133842007355;-,352154736266619;1,10254937207815;-1,02612043150898;,0421317189166884;,766951421403169;0
80;Older;1;Gains;1;0;,166666666666667;,973684210526316;1202;1108,5;0;100;10;10;304;12;3;5;2;5;4;24;32;4,92710994764902;5,83333333333333;6;7,16666666666667;3,4;1,1;4,125;3,75;1,38367524479953;-,97776816210334;,432792357234579;-,471935550828328;-1,36348038743468;-3,27748948791691;-2,65358985306168;-,849704599123696;-,508754175749185;,0245148225957787;,809023681220432;1,38367524479953;0
66;Older;2;Gains;1;0;,416666666666667;,967213114754098;1586;1406;80;0;100;99;305;12;1;2;1;7;6;34;32;45;7;6,83333333333333;6,33333333333333;4,3;1,1;2,875;3,25;,719511127295757;-,160438738673304;,243191851970553;,389368947712953;,70896296658798;,725173889712485;,850759134284365;,145395126590458;,431172893816758;,549832449648158;,382972591051685;,719511127295757;0
80;Older;2;Gains;1;0;,166666666666667;,980263157894737;1573,5;1593;100;100;100;90;304;12;3;4;1;6;6;20;33;30,523404813463;7,33333333333333;7,16666666666667;7,33333333333333;4,1;1;4,375;4,125;1,38367524479953;-,97776816210334;,625552870919669;,361331691901062;1,22707380509365;,725173889712485;,496386764777462;-1,24774448940936;,699723485121313;,75995950046911;,894233899254181;1,38367524479953;0
71;Older;1;Gains;1;0;0;,960655737704918;1419;1314,5;44;50;88;50;305;12;3;6;6;6;6;26;29;30,8438074131448;6,33333333333333;7,16666666666667;6,83333333333333;3,9;1;3,375;3,75;,956712597832819;-1,52265444439003;,0510633399696783;,0147912100660937;-,223636542722219;,191485439361899;-1,07860154414211;-,650684653980865;-,105928288792352;,75995950046911;,638603245152933;,956712597832819;0
73;Older;1;Losses;0;1;,5;,888157894736842;1672,5;1509;75;50;100;70;304;12;4;6;4;4;6;24;35;29,5387822595581;4,66666666666667;7,33333333333333;7;2,5;1,5;3,75;4,125;1,05159318604764;,112004402470041;-2,0730943206716;,583386757931237;,579435256961563;,725173889712485;-,291107389682324;-,849704599123696;-1,44868124531513;,865023025879585;,723813463186683;0;1,05159318604764
79;Older;1;Losses;0;1;0;,953333333333333;969,5;869,5;25;95;100;60;300;12;3;3;3;6;6;15;32;27,6883538911534;2,83333333333333;8;8;3,1;2,3;3,875;3,625;1,33623495069212;-1,52265444439003;-,163480165097969;-,993428508929495;-,715841839302602;,725173889712485;-,684854466912217;-1,74529435226644;-2,92570949749018;1,28527712752149;1,23507477138918;0;1,33623495069212
79;Older;2;Losses;0;1;,166666666666667;,973770491803279;1341;1202,5;10;100;50;80;305;12;5;6;2;6;3;26;32;37,0928372970415;6,66666666666667;6,5;6,66666666666667;2,2;1;3,625;4;1,33623495069212;-,97776816210334;,435320363971432;-,160161266200104;-1,10442496818185;-1,49852798674829;,102639687547569;-,650684653980865;,162622302512203;,339705398827206;,553393027119184;0;1,33623495069212
69;Older;1;Losses;0;1;,166666666666667;,980132450331126;1277,5;1534;50;100;0;100;302;12;4;6;1;4;4;22;36;45;8;8;8;1,7;1;3,625;3,25;,861832009617994;-,97776816210334;,621723191839833;-,302590525724509;-,0682032911705196;-3,72222986320906;,890133842007355;-1,04872454426653;1,23682466773042;1,28527712752149;1,23507477138918;0;,861832009617994
73;Older;1;Losses;0;1;,416666666666667;,957095709570957;1389;1175,5;100;100;90;90;303;12;0;7;9;6;5;28;33;27,8696984731564;3,5;5,16666666666667;5,83333333333333;3,4;2,1;2,875;3;1,05159318604764;-,160438738673304;-,0532440535093462;-,052498203882444;1,22707380509365;,28043351442033;,496386764777462;-,451664708838035;-2,38860831488107;-,5008028044566;,127341936950437;0;1,05159318604764
69;Older;2;Losses;0;1;,75;,970394736842105;1747,5;1763,5;90;20;95;75;304;12;4;4;1;6;4;26;33;37,4824114277185;7,66666666666667;6,66666666666667;5;3,5;1,4;3,875;3,75;,861832009617994;,929333825900077;,336412100392034;,751610292802581;,968018385840813;,502803702066407;-,0942338510673774;-,650684653980865;,968274076425868;,444768924237682;-,298709153218309;0;,861832009617994
82;Older;2;Losses;0;1;,0833333333333333;,99009900990099;1293;1051,5;50;100;20;50;303;12;1;2;4;6;6;26;32;21,8014094863518;7,33333333333333;7,16666666666667;7,5;3,3;2,9;4,25;4,375;1,47855583301436;-1,25021130324668;,913739381478567;-,267824328517764;-,0682032911705196;-2,83274911262475;-1,07860154414211;-,650684653980865;,699723485121313;,75995950046911;,979444117287931;0;1,47855583301436
80;Older;1;Losses;0;1;0;,940199335548173;1281;1351,5;50;100;50;70;301;12;1;5;1;5;6;24;35;33,084852928735;7,33333333333333;7,66666666666667;8;2,3;1,1;3,75;4,875;1,38367524479953;-1,52265444439003;-,54830102138854;-,294740094097179;-,0682032911705196;-1,49852798674829;-,291107389682324;-,849704599123696;,699723485121313;1,07515007670054;1,23507477138918;0;1,38367524479953
81;Older;2;Losses;0;1;1;,990131578947368;2942;3284;50;0;90;90;304;12;0;5;3;7;6;24;33;61,3895403340348;5;6,83333333333333;6,66666666666667;3,3;1,1;3,25;3,375;1,43111553890694;1,74666324933011;,914693641447307;3,43085045818685;-,0682032911705196;,28043351442033;,496386764777462;-,849704599123696;-1,18013065401057;,549832449648158;,553393027119184;0;1,43111553890694
75;Older;1;Losses;0;1;,583333333333333;,967105263157895;1156,5;934,5;70;50;90;80;304;12;1;6;9;6;6;32;33;37,4824114277185;6,33333333333333;7,33333333333333;7,33333333333333;4,3;1,4;3,75;4;1,14647377426247;,384447543613387;,240031843549486;-,57399116198361;,449907547335146;,28043351442033;,102639687547569;-,0536248185523727;-,105928288792352;,865023025879585;,894233899254181;0;1,14647377426247
80;Older;2;Losses;0;1;,75;,99009900990099;2658;3014,5;0;50;5;90;303;12;4;5;1;7;6;24;33;40,9016987439177;7,33333333333333;6,16666666666667;5,33333333333333;4,2;1,2;4,125;4,375;1,38367524479953;,929333825900077;,913739381478567;2,7938440061407;-1,36348038743468;-3,49985967556299;,496386764777462;-,849704599123696;,699723485121313;,129578348006255;-,12828871715081;0;1,38367524479953
79;Older;2;Losses;0;1;,916666666666667;,980066445182724;1814;2068;100;0;50;100;301;12;4;3;2;6;7;33;33;24,486680931716;5,16666666666667;7,66666666666667;7,83333333333333;3,7;1,3;3,375;3,625;1,33623495069212;1,47422010818677;,619789267520446;,900768493721839;1,22707380509365;-1,49852798674829;,890133842007355;,0458851540190427;-1,04585535835829;1,07515007670054;1,14986455335543;0;1,33623495069212
74;Older;2;Losses;0;1;0;,931372549019608;1516;1237,5;9;99;8;8;306;12;5;1;1;6;6;10;31;45,2178536250972;7,33333333333333;7,33333333333333;7,16666666666667;2,7;1,6;3,5;3,625;1,09903348015506;-1,52265444439003;-,806922319014633;,232360315166365;-1,13033051010714;-3,36643756297534;-2,73233926850766;-2,24284421512351;,699723485121313;,865023025879585;,809023681220432;0;1,09903348015506
80;Older;2;Losses;0;1;,25;,910891089108911;1730;1650;50;50;90;50;303;12;4;3;4;6;6;18;34;37,4824114277185;5,66666666666667;4,83333333333333;5,33333333333333;2,8;1,6;3,75;4,125;1,38367524479953;-,705325020959994;-1,40702086249243;,712358134665934;-,0682032911705196;,28043351442033;-1,07860154414211;-1,44676443455219;-,643029471401462;-,710929855277552;-,12828871715081;0;1,38367524479953
75;Older;1;Losses;0;1;,75;,980263157894737;1533;1380,5;50;0;90;100;304;12;3;6;3;7;7;26;36;34,8753283446022;4,66666666666667;7,5;6,66666666666667;3,5;1,1;3,375;3,75;1,14647377426247;,929333825900077;,625552870919669;,270490983070537;-,0682032911705196;,28043351442033;,890133842007355;-,650684653980865;-1,44868124531513;,970086551290061;,553393027119184;0;1,14647377426247
75;Older;2;Losses;0;1;,0833333333333333;,986928104575163;904;865;0;0;90;50;306;12;3;6;2;6;6;26;35;34,8753283446022;8;8;8;2,8;1,1;4,375;4,375;1,14647377426247;-1,25021130324668;,82083312988169;-1,1403437293838;-1,36348038743468;,28043351442033;-1,07860154414211;-,650684653980865;1,23682466773042;1,28527712752149;1,23507477138918;0;1,14647377426247
80;Older;-9;Losses;0;1;,5;,990196078431373;1903,5;2084,5;0;0;50; ;306;12;6;1;3;5;5;26;30;46,679199893723;8;8;8;2,2;1,1;3,375;3,625;1,38367524479953;,112004402470041;,916583450405003;1,10151524533498;-1,36348038743468;-1,49852798674829; ;-,650684653980865;1,23682466773042;1,28527712752149;1,23507477138918;0;1,38367524479953
66;Older;2;Losses;0;1;,916666666666667;,967213114754098;1609;1250,5;90;0;80;80;305;12;1;2;1;6;5;24;32;39,2339772317635;7,66666666666667;7,5;7,66666666666667;3,7;1,5;3,5;3,5;,719511127295757;1,47422010818677;,243191851970553;,440957498406832;,968018385840813;-,164306860871825;,102639687547569;-,849704599123696;,968274076425868;,970086551290061;1,06465433532168;0;,719511127295757
76;Older;1;Losses;0;1;,75;,980263157894737;1937,5;2019,5;0;0;5;90;304;12;3;5;4;6;6;36;36;37,4824114277185;5,5;6,83333333333333;7,5;3,7;1,4;4,25;3,875;1,19391406836988;,929333825900077;,625552870919669;1,17777658114332;-1,36348038743468;-3,49985967556299;,496386764777462;,344415071733289;-,777304767053739;,549832449648158;,979444117287931;0;1,19391406836988
72;Older;2;Losses;0;1;0;,947019867549669;1052,5;1112,5;75;96;85;50;302;12;0;1;2;6;6;21;27;20,9245017449212;6,66666666666667;6,16666666666667;5,5;3,3;1,2;4,875;4,75;1,00415289194023;-1,52265444439003;-,348462175052016;-,807261130338541;,579435256961563;,0580633267742523;-1,07860154414211;-1,14823451683794;,162622302512203;,129578348006255;-,043078499117061;0;1,00415289194023
30;Younger;1;Control;-1;-1;,416666666666667;,990066225165563;1007,5;901,5;20; ;80;80;302;12;2;6;3;5;6;38;34;45;5,83333333333333;5,16666666666667;1,5;2,6;1;4,25;4,5;-,988339460571094;-,160438738673304;,912778801907385;-,908195251261347;-,845369548929019;-,164306860871825;,102639687547569;,54343501687612;-,508754175749185;-,5008028044566;-2,08812373192704;,988339460571094;,988339460571094
35;Younger;2;Control;-1;-1;,666666666666667;,973684210526316;2580,5;2685,5;0; ;99;100;304;12;3;4;2;6;6;35;31;24,1962525877913;7,33333333333333;7,5;6,83333333333333;3,3;1;3;3,25;-,751137990034032;,656890684756732;,432792357234579;2,62001302010697;-1,36348038743468;,680699852183269;,890133842007355;,244905099161874;,699723485121313;,970086551290061;,638603245152933;,751137990034032;,751137990034032
25;Younger;1;Control;-1;-1;,666666666666667;,967105263157895;1399;1271;0; ;95;70;304;12;1;2;2;5;5;33;28;37,4824114277185;7,16666666666667;1,83333333333333;2,16666666666667;3,7;1,2;2,25;3,75;-1,22554093110816;,656890684756732;,240031843549486;-,0300683992329314;-1,36348038743468;,502803702066407;-,291107389682324;,0458851540190427;,565448189469036;-2,60207331266612;-1,74728285979205;1,22554093110816;1,22554093110816
32;Younger;2;Control;-1;-1;,583333333333333;,970491803278689;1648;1485;0; ;100;100;305;12;3;6;5;6;5;37;30;7,81529354676688;7,16666666666667;7,16666666666667;6,83333333333333;2,3;2;1,875;3,5;-,893458872356269;,384447543613387;,339256107970994;,528433736539931;-1,36348038743468;,725173889712485;,890133842007355;,443925044304704;,565448189469036;,75995950046911;,638603245152933;,893458872356269;,893458872356269
24;Younger;1;Control;-1;-1;,583333333333333;,960132890365448;1236;942,5;100; ;90;80;301;12;3;6;9;7;6;40;33;7,81529354676688;6;3,66666666666667;1;1,9;1;4,5;4,625;-1,27298122521557;,384447543613387;,0357441230659514;-,395674215019986;1,22707380509365;,28043351442033;,102639687547569;,742454962018951;-,374478880096907;-1,44637453315088;-2,34375438602829;1,27298122521557;1,27298122521557
19;Younger;2;Control;-1;-1;,333333333333333;,966666666666667;1021,5;1131,5;0; ;85;55;300;12;5;4;8;6;4;40;29;34,3593802975894;7,16666666666667;5,33333333333333;5,33333333333333;2,1;1,3;2,75;3,25;-1,51018269575263;-,432881879816649;,227181142637148;-,87679352475203;-1,36348038743468;,0580633267742523;-,881728005527163;,742454962018951;,565448189469036;-,395739279046125;-,12828871715081;1,51018269575263;1,51018269575263
18;Younger;2;Control;-1;-1;,75;,973684210526316;1253,5;1364,5;10; ;95;90;304;12;4;1;9;7;6;32;30;39,0355128987469;5;4,66666666666667;5,16666666666667;3,9;1,1;3,125;3,5;-1,55762298986004;,929333825900077;,432792357234579;-,356422056883339;-1,10442496818185;,502803702066407;,496386764777462;-,0536248185523727;-1,18013065401057;-,815993380688028;-,213498935184559;1,55762298986004;1,55762298986004
20;Younger;2;Control;-1;-1;,333333333333333;,917491749174917;1100;1018;23; ;78;46;303;12;3;4;1;6;6;31;32;37,0928372970415;6,83333333333333;5,16666666666667;2,66666666666667;3,1;1,6;2,75;3,625;-1,46274240164522;-,432881879816649;-1,21362417549484;-,700719558253356;-,767652923153169;-,253254935930256;-1,23610037503407;-,153134791123788;,29689759816448;-,5008028044566;-1,4916522056908;1,46274240164522;1,46274240164522
32;Younger;1;Control;-1;-1;,25;,944078947368421;963;1080;90; ;80;70;304;12;2;6;7;6;5;22;32;16,2903392319252;6,16666666666667;6;3,5;3,3;3,7;4,25;4,5;-,893458872356269;-,705325020959994;-,434629954348332;-1,00800788195168;,968018385840813;-,164306860871825;-,291107389682324;-1,04872454426653;-,240203584444629;,0245148225957787;-1,06560111552205;,893458872356269;,893458872356269
20;Younger;2;Control;-1;-1;,5;,954098360655738;981;917,5;0; ;60;50;305;12;2;4;3;5;6;40;30;30,8438074131448;7,83333333333333;2,83333333333333;2,33333333333333;2,5;1;3,25;3,125;-1,46274240164522;,112004402470041;-,1410651720312;-,967634233582555;-1,36348038743468;-1,05378761145613;-1,07860154414211;,742454962018951;1,10254937207815;-1,97169216020326;-1,6620726417583;1,46274240164522;1,46274240164522
23;Younger;2;Control;-1;-1;0;,980066445182724;834;836;0; ;85;30;301;12;6;4;1;7;5;34;30;45;8;1,33333333333333;1,83333333333333;2,4;1;3,5;4,375;-1,32042151932298;-1,52265444439003;,619789267520446;-1,29735236193039;-1,36348038743468;,0580633267742523;-1,8660956986019;,145395126590458;1,23682466773042;-2,91726388889755;-1,91770329585955;1,32042151932298;1,32042151932298
22;Younger;2;Control;-1;-1;,5;,973684210526316;1117,5;1694;0; ;95;95;304;12;4;1;1;6;6;30;29;7,81529354676688;6,33333333333333;4,83333333333333;3,83333333333333;2,8;2,9;3,375;4,125;-1,36786181343039;,112004402470041;,432792357234579;-,661467400116709;-1,36348038743468;,502803702066407;,693260303392408;-,252644763695204;-,105928288792352;-,710929855277552;-,895180679454554;1,36786181343039;1,36786181343039
20;Younger;1;Control;-1;-1;,583333333333333;,947368421052632;983;925;0; ;85;75;304;12;4;4;1;6;5;40;27;34,8753283446022;7;5,16666666666667;1,5;2,5;1;3,375;3,75;-1,46274240164522;,384447543613387;-,338249697505787;-,963148272652653;-1,36348038743468;,0580633267742523;-,0942338510673774;,742454962018951;,431172893816758;-,5008028044566;-2,08812373192704;1,46274240164522;1,46274240164522
19;Younger;2;Control;-1;-1;,5;,904290429042904;1444;1598,5;50; ;95;93;303;12;6;4;9;3;5;40;28;7,81529354676688;7,83333333333333;5,83333333333333;6,16666666666667;2,4;1,2;2,5;3,25;-1,51018269575263;,112004402470041;-1,60041754949001;,070865721689875;-,0682032911705196;,502803702066407;,61451088794643;,742454962018951;1,10254937207815;-,0805487028146973;,297762373017936;1,51018269575263;1,51018269575263
21;Younger;2;Control;-1;-1;,666666666666667;,940983606557377;1556;1573,5;60; ;95;80;305;12;5;4;9;5;6;31;28;29,5603544646807;6,66666666666667;6,66666666666667;6,33333333333333;2,6;1,9;3,875;3,25;-1,41530210753781;,656890684756732;-,525322196032956;,322079533764415;,190852128082313;,502803702066407;,102639687547569;-,153134791123788;,162622302512203;,444768924237682;,382972591051685;1,41530210753781;1,41530210753781
29;Younger;2;Control;-1;-1;,166666666666667;,866449511400652;736;709;50; ;80;20;307;12;3;6;9;6;6;31;32;38,8906832147631;5,66666666666667;4,5;2;3,9;1;4,25;4,5;-1,03577975467851;-,97776816210334;-2,70914122739146;-1,51716444749561;-,0682032911705196;-,164306860871825;-2,25984277583179;-,153134791123788;-,643029471401462;-,921056906098504;-1,8324930778258;1,03577975467851;1,03577975467851
34;Younger;2;Control;-1;-1;,0833333333333333;,940789473684211;1169;937,5;0; ;100;60;304;12;2;6;3;4;3;35;32;34,8753283446022;7,66666666666667;7,33333333333333;6,16666666666667;2,6;1;4,5;3,625;-,798578284141444;-1,25021130324668;-,531010211190876;-,54595390617172;-1,36348038743468;,725173889712485;-,684854466912217;,244905099161874;,968274076425868;,865023025879585;,297762373017936;,798578284141444;,798578284141444
27;Younger;2;Control;-1;-1;,25;,973509933774834;935,5;1077;30; ;100;100;302;12;1;5;1;4;3;40;33;45;7,5;3,5;4,83333333333333;4;1;2,5;3,125;-1,13066034289333;-,705325020959994;,427686118461462;-1,06968984473784;-,586314129676186;,725173889712485;,890133842007355;,742454962018951;,833998780773591;-1,55143805856136;-,383919371252058;1,13066034289333;1,13066034289333
32;Younger;2;Control;-1;-1;,333333333333333;,95049504950495;875;809;0; ;80;80;303;12;4;6;1;5;6;40;32;45;5,66666666666667;5,66666666666667;5,33333333333333;3,2;2;3,75;3,875;-,893458872356269;-,432881879816649;-,246640740506931;-1,20539016286739;-1,36348038743468;-,164306860871825;,102639687547569;,742454962018951;-,643029471401462;-,185612228225173;-,12828871715081;,893458872356269;,893458872356269
32;Younger;1;Control;-1;-1;,0833333333333333;,970099667774086;1254;1517;96; ;95;80;301;12;5;6;4;6;5;28;35;9,54913392873593;6,83333333333333;6,16666666666667;4,16666666666667;4,5;2;4,25;3,75;-,893458872356269;-1,25021130324668;,3277666952932;-,355300566650863;1,12345163739251;,502803702066407;,102639687547569;-,451664708838035;,29689759816448;,129578348006255;-,724760243387055;,893458872356269;,893458872356269
26;Younger;1;Gains;1;0;,916666666666667;,956953642384106;2151;1301,5;100;0;100;100;302;12;2;4;1;7;7;45;33;45;8;6,16666666666667;6,33333333333333;3,5;1;4,375;4,375;-1,17810063700074;1,47422010818677;-,0574065649844607;1,65665291041041;1,22707380509365;,725173889712485;,890133842007355;1,24000482487603;1,23682466773042;,129578348006255;,382972591051685;-1,17810063700074;0
23;Younger;1;Gains;1;0;,916666666666667;,99009900990099;1383;2598;100;100;90;100;303;12;4;4;1;6;7;38;32;7,81529354676688;6,16666666666667;6,33333333333333;3,16666666666667;2,4;1;4,625;3,875;-1,32042151932298;1,47422010818677;,913739381478567;-,0659560866721515;1,22707380509365;,28043351442033;,890133842007355;,54343501687612;-,240203584444629;,23464187341673;-1,23602155158955;-1,32042151932298;0
24;Younger;2;Gains;1;0;,833333333333333;,961414790996785;976;1117;80;0;95;95;311;12;1;4;1;7;6;63;27;37,4824114277185;4,5;5,16666666666667;5,16666666666667;3,6;1,1;4,25;4;-1,27298122521557;1,20177696704342;,0733032963427704;-,978849135907312;,70896296658798;,502803702066407;,693260303392408;3,03118433116151;-1,5829565409674;-,5008028044566;-,213498935184559;-1,27298122521557;0
22;Younger;2;Gains;1;0;,75;,970588235294118;1525,5;1286;95;80;95;90;306;12;5;4;9;5;5;36;30;10,3851769867767;7,33333333333333;5,83333333333333;6;3,5;1,7;3,75;3,75;-1,36786181343039;,929333825900077;,342081527265123;,253668629583402;1,09754609546723;,502803702066407;,496386764777462;,344415071733289;,699723485121313;-,0805487028146973;,212552154984187;-1,36786181343039;0
24;Younger;1;Gains;1;0;,833333333333333;,99;818,5;983,5;90;50;100;90;300;12;1;4;1;5;5;35;35;45;6,16666666666667;5,16666666666667;4,16666666666667;2,5;1,2;4;4,5;-1,27298122521557;1,20177696704342;,910838431173603;-1,33211855913713;,968018385840813;,725173889712485;,496386764777462;,244905099161874;-,240203584444629;-,5008028044566;-,724760243387055;-1,27298122521557;0
31;Younger;2;Gains;1;0;1;,986928104575163;1082,5;1154,5;100;80;90;100;306;12;5;6;4;7;6;50;32;45;6,83333333333333;6,5;2;4;1,1;3,25;3,625;-,940899166463682;1,74666324933011;,82083312988169;-,739971716390003;1,22707380509365;,28043351442033;,890133842007355;1,73755468773311;,29689759816448;,339705398827206;-1,8324930778258;-,940899166463682;0
26;Younger;2;Gains;1;0;,25;,93485342019544;720;692;75;50;100;100;307;12;3;6;9;7;6;43;30;45;6;5,33333333333333;7;4;1,1;3,875;4,25;-1,17810063700074;-,705325020959994;-,704934192594037;-1,55305213493483;,579435256961563;,725173889712485;,890133842007355;1,0409848797332;-,374478880096907;-,395739279046125;,723813463186683;-1,17810063700074;0
29;Younger;2;Gains;1;0;,666666666666667;,943708609271523;1183;935,5;0;0;50;70;302;12;0;2;2;7;5;37;29;37,4824114277185;6,16666666666667;5,5;3,83333333333333;3,7;1,7;3,125;3,875;-1,03577975467851;,656890684756732;-,445480711741199;-,514552179662402;-1,36348038743468;-1,49852798674829;-,291107389682324;,443925044304704;-,240203584444629;-,290675753635649;-,895180679454554;-1,03577975467851;0
30;Younger;2;Gains;1;0;,333333333333333;,973509933774834;1109,5;1100,5;7; ;9;7;302;12;3;6;5;5;6;32;34;37,0136158549098;7,16666666666667;5;4,66666666666667;2,2;1,2;3,125;3,125;-,988339460571094;-,432881879816649;,427686118461462;-,679411243836319;-1,1821415939577;-3,32196352544612;-2,77171397623065;-,0536248185523727;,565448189469036;-,605866329867076;-,469129589285807;-,988339460571094;0
33;Younger;1;Gains;1;0;,666666666666667;,966996699669967;1047;1270,5;90;100;95;100;303;12;6;4;1;5;6;46;28;-7,81529354676688;5,33333333333333;4,16666666666667;2;2,6;1,4;3,625;4,25;-,846018578248857;,656890684756732;,236850976987028;-,819597522895773;,968018385840813;,502803702066407;,890133842007355;1,33951479744744;-,911580062706017;-1,13118395691946;-1,8324930778258;-,846018578248857;0
32;Younger;1;Gains;1;0;,916666666666667;,977198697068404;1490;1441,5;100;100;90;100;307;12;4;7;2;5;6;39;33;12,5533665501306;6;2,33333333333333;3,16666666666667;2,6;1,1;4,25;4;-,893458872356269;1,47422010818677;,535765400375799;,174042823077633;1,22707380509365;,28043351442033;,890133842007355;,642944989447535;-,374478880096907;-2,28688273643469;-1,23602155158955;-,893458872356269;0
25;Younger;1;Gains;1;0;,583333333333333;,970198675496689;1310,5;1907;90;0;100;90;302;12;4;1;9;5;6;42;33;37,4824114277185;7,16666666666667;4,16666666666667;3,5;2,3;1,6;3,5;3,5;-1,22554093110816;,384447543613387;,330667581772277;-,228572170381117;,968018385840813;,725173889712485;,496386764777462;,941474907161782;,565448189469036;-1,13118395691946;-1,06560111552205;-1,22554093110816;0
22;Younger;2;Gains;1;0;,833333333333333;,92358803986711;2240;1976;90;0;85;90;301;12;4;4;9;5;6;31;22;7,81529354676688;6,66666666666667;4,33333333333333;4,66666666666667;3,5;1,4;4,5;3,25;-1,36786181343039;1,20177696704342;-1,03500530843395;1,85627817179107;,968018385840813;,0580633267742523;,496386764777462;-,153134791123788;,162622302512203;-1,02612043150898;-,469129589285807;-1,36786181343039;0
24;Younger;2;Gains;1;0;,5;,99009900990099;1089;1797,5;100;0;90;100;303;12;4;7;2;4;5;63;33;37,4824114277185;6,5;4,66666666666667;3,66666666666667;4;1,2;3,625;3,75;-1,27298122521557;,112004402470041;,913739381478567;-,72539234336782;1,22707380509365;,28043351442033;,890133842007355;3,03118433116151;,0283470068599256;-,815993380688028;-,980390897488303;-1,27298122521557;0
22;Younger;2;Gains;1;0;,833333333333333;,966887417218543;1184,5;1064;60;0;100;100;302;12;4;4;1;5;7;38;29;7,81529354676688;6,83333333333333;3,66666666666667;4;2,6;1,2;3,125;3,875;-1,36786181343039;1,20177696704342;,233649045083095;-,511187708964975;,190852128082313;,725173889712485;,890133842007355;,54343501687612;,29689759816448;-1,44637453315088;-,809970461420805;-1,36786181343039;0
35;Younger;1;Gains;1;0;,583333333333333;,980263157894737;1129;976;50;50;100;50;304;12;2;6;5;7;6;45;34;7,81529354676688;7,5;8;8;3;1;4,125;4,75;-,751137990034032;,384447543613387;,625552870919669;-,63567312476977;-,0682032911705196;,725173889712485;-1,07860154414211;1,24000482487603;,833998780773591;1,28527712752149;1,23507477138918;-,751137990034032;0
28;Younger;2;Gains;1;0;,0833333333333333;,911184210526316;1079,5;959;70;100;100;40;304;12;4;4;9;5;3;36;30;4,87927378300673;8;1,66666666666667;5,5;2,8;1,3;4,125;4,25;-1,08322004878592;-1,25021130324668;-1,39843252277378;-,746700657784857;,449907547335146;,725173889712485;-1,472348621372;,344415071733289;1,23682466773042;-2,70713683807659;-,043078499117061;-1,08322004878592;0
27;Younger;2;Gains;1;0;,666666666666667;,970394736842105;1197,5;1089;100;75;100;100;304;12;6;6;2;7;7;64;29;37,4824114277185;8;6;5,66666666666667;3,9;1;4;4,375;-1,13066034289333;,656890684756732;,336412100392034;-,482028962920609;1,22707380509365;,725173889712485;,890133842007355;3,13069430373292;1,23682466773042;,0245148225957787;,0421317189166884;-1,13066034289333;0
28;Younger;2;Gains;1;0;,166666666666667;,924590163934426;723;761; ;50;90;60;305;12;4;6;1;6;6;49;33;37,4824114277185;8;4,16666666666667;7,16666666666667;3,5;1,2;4,25;3,5;-1,08322004878592;-,97776816210334;-1,00564347603515;-1,54632319353998; ;,28043351442033;-,684854466912217;1,63804471516169;1,23682466773042;-1,13118395691946;,809023681220432;-1,08322004878592;0
35;Younger;2;Gains;1;0;,666666666666667;,977049180327869;1242;1457;90;85;90;90;305;12;5;6;1;4;4;33;34;37,4824114277185;6,5;2,83333333333333;4,16666666666667;2;1,1;3,5;4,25;-,751137990034032;,656890684756732;,531384619971869;-,382216332230278;,968018385840813;,28043351442033;,496386764777462;,0458851540190427;,0283470068599256;-1,97169216020326;-,724760243387055;-,751137990034032;0
33;Younger;1;Gains;1;0;,666666666666667;,907284768211921;1113;1057,5; ;0;60;100;302;12;4;6;3;6;6;43;27;34,8753283446022;7,33333333333333;2,83333333333333;1;3,3;1;4,25;5;-,846018578248857;,656890684756732;-1,51268461532223;-,67156081220899; ;-1,05378761145613;,890133842007355;1,0409848797332;,699723485121313;-1,97169216020326;-2,34375438602829;-,846018578248857;0
34;Younger;1;Losses;0;1;1;,960912052117264;2204;2618,5; ;100;80;100;307;12;6;3;8;7;7;37;28;37,4824114277185;8;8;8;5;1,1;4,75;4,875;-,798578284141444;1,74666324933011;,0585732492335544;1,77553087505283; ;-,164306860871825;,890133842007355;,443925044304704;1,23682466773042;1,28527712752149;1,23507477138918;0;-,798578284141444
23;Younger;2;Losses;0;1;,583333333333333;,970779220779221;1011,5;1138;100;0;90;100;308;12;1;4;9;6;7;49;36;16,260204708312;7,66666666666667;2;2,5;3,9;1;3,25;3,875;-1,32042151932298;,384447543613387;,347677325217784;-,899223329401542;1,22707380509365;,28043351442033;,890133842007355;1,63804471516169;,968274076425868;-2,49700978725564;-1,57686242372455;0;-1,32042151932298
23;Younger;2;Losses;0;1;,333333333333333;,927392739273927;912;831,5;70;0;80;70;303;12;3;2;4;6;6;47;26;37,4824114277185;8;3,16666666666667;4,16666666666667;2;1,3;2,375;3,125;-1,32042151932298;-,432881879816649;-,92352914499847;-1,12239988566419;,449907547335146;-,164306860871825;-,291107389682324;1,43902477001886;1,23682466773042;-1,76156510938231;-,724760243387055;0;-1,32042151932298
30;Younger;3;Losses;0;1;1;,930921052631579;1319;1137;20;50;90;60;304;12;4;6;9;5;6;41;35;25,8069282092501;4,5;4,33333333333333;3,5;3;3,2;3,5;4,25;-,988339460571094;1,74666324933011;-,820150981718511;-,209506836429032;-,845369548929019;,28043351442033;-,684854466912217;,841964934590366;-1,5829565409674;-1,02612043150898;-1,06560111552205;0;-,988339460571094
21;Younger;2;Losses;0;1;,583333333333333;,963815789473684;1078,5;961;70;0;70;70;304;12;4;4;1;6;5;36;30;32,9052429229879;7,66666666666667;4,66666666666667;2,66666666666667;2,1;1,1;3;3,75;-1,41530210753781;,384447543613387;,143651586706941;-,748943638249808;,449907547335146;-,60904723616398;-,291107389682324;,344415071733289;,968274076425868;-,815993380688028;-1,4916522056908;0;-1,41530210753781
29;Younger;2;Losses;0;1;,25;,910596026490066;1067;1342;100;1;100;100;302;12;2;6;9;5;5;34;31;45;6;5,16666666666667;3,66666666666667;2,2;1,5;3,25;3,25;-1,03577975467851;-,705325020959994;-1,41566607863305;-,774737913596748;1,22707380509365;,725173889712485;,890133842007355;,145395126590458;-,374478880096907;-,5008028044566;-,980390897488303;0;-1,03577975467851
23;Younger;2;Losses;0;1;,333333333333333;,967845659163987;793;797,5;100;0;100;100;311;12;3;4;1;6;6;49;33;26,4603058101988;6,83333333333333;4,16666666666667;2;3,3;1,2;3,875;4,5;-1,32042151932298;-,432881879816649;,261725148948131;-1,38931456099339;1,22707380509365;,725173889712485;,890133842007355;1,63804471516169;,29689759816448;-1,13118395691946;-1,8324930778258;0;-1,32042151932298
25;Younger;1;Losses;0;1;,416666666666667;,923841059602649;1117;1289,5;60;100;100;60;302;12;5;6;2;5;4;49;32;18,1455786594814;7,5;6,33333333333333;7;3,5;1,2;4,75;4,5;-1,22554093110816;-,160438738673304;-1,02759193187631;-,662588890349185;,190852128082313;,725173889712485;-,684854466912217;1,63804471516169;,833998780773591;,23464187341673;,723813463186683;0;-1,22554093110816
33;Younger;1;Losses;0;1;,833333333333333;,973684210526316;1578;1669,5;100;100;100;100;304;12;5;2;1;5;6;63;31;36,4444417565871;6,83333333333333;4;4,66666666666667;3,4;1,8;3,375;4,375;-,846018578248857;1,20177696704342;,432792357234579;,371425103993343;1,22707380509365;,725173889712485;,890133842007355;3,03118433116151;,29689759816448;-1,23624748232993;-,469129589285807;0;-,846018578248857
26;Younger;2;Losses;0;1;,416666666666667;,993421052631579;1205,5;1336,5;100;50;100;100;304;12;1;6;1;6;7;33;31;34,8753283446022;6,16666666666667;3,83333333333333;4,5;1,4;1,5;3,75;3,75;-1,17810063700074;-,160438738673304;1,01107389828985;-,464085119200999;1,22707380509365;,725173889712485;,890133842007355;,0458851540190427;-,240203584444629;-1,34131100774041;-,554339807319557;0;-1,17810063700074
22;Younger;1;Losses;0;1;,833333333333333;,977124183006536;1356,5;1837,5;100;100;90;100;306;12;3;1;9;5;5;42;32;37,4824114277185;7,33333333333333;3,83333333333333;5,33333333333333;3,1;1,2;3,25;3,25;-1,36786181343039;1,20177696704342;,533582168311749;-,12539506899336;1,22707380509365;,28043351442033;,890133842007355;,941474907161782;,699723485121313;-1,34131100774041;-,12828871715081;0;-1,36786181343039
19;Younger;2;Losses;0;1;,25;,815789473684211;726;671,5;50;0;90;70;304;12;5;4;9;6;5;45;28;32,0053832080835;7;3,66666666666667;2;3,4;1,7;4,25;4,125;-1,51018269575263;-,705325020959994;-4,1934599712076;-1,53959425214513;-,0682032911705196;,28043351442033;-,291107389682324;1,24000482487603;,431172893816758;-1,44637453315088;-1,8324930778258;0;-1,51018269575263
23;Younger;2;Losses;0;1;,833333333333333;,99016393442623;1395;1558;50;25;90;50;305;12;4;4;1;5;4;51;31;34,8753283446022;6,83333333333333;3,5;5,16666666666667;2,2;1,4;3,125;4;-1,32042151932298;1,20177696704342;,915641643973626;-,0390403210927364;-,0682032911705196;,28043351442033;-1,07860154414211;1,83706466030452;,29689759816448;-1,55143805856136;-,213498935184559;0;-1,32042151932298
21;Younger;2;Losses;0;1;,333333333333333;,973421926910299;1212;1150,5;10;50;75;75;301;12;6;4;9;6;7;44;31;37,4824114277185;7,16666666666667;7,16666666666667;3,16666666666667;3,6;1,9;3,5;3,125;-1,41530210753781;-,432881879816649;,425107552702284;-,449505746178816;-1,10442496818185;-,386677048517902;-,0942338510673774;1,14049485230461;,565448189469036;,75995950046911;-1,23602155158955;0;-1,41530210753781
27;Younger;2;Losses;0;1;,666666666666667;,904290429042904;1024;942,5;100;0;80;100;303;12;5;4;1;6;5;48;34;45;7,5;2,83333333333333;4,66666666666667;2;1,4;3,375;3,75;-1,13066034289333;,656890684756732;-1,60041754949001;-,871186073589651;1,22707380509365;-,164306860871825;,890133842007355;1,53853474259027;,833998780773591;-1,97169216020326;-,469129589285807;0;-1,13066034289333
24;Younger;2;Losses;0;1;,333333333333333;,954098360655738;1645;1504,5;99;0;90;99;305;12;1;4;1;6;5;30;27;15,69492414342;7,5;3;6,33333333333333;2,8;1,3;2,875;3,75;-1,27298122521557;-,432881879816649;-,1410651720312;,521704795145077;1,20116826316836;,28043351442033;,850759134284365;-,252644763695204;,833998780773591;-1,86662863479279;,382972591051685;0;-1,27298122521557
34;Younger;2;Losses;0;1;0;,943894389438944;1202;1253;0;100;100;40;303;12;0;7;2;6;6;25;28;19,942384581697;1;5,66666666666667;1;3,4;1,4;4;4;-,798578284141444;-1,52265444439003;-,440037427504513;-,471935550828328;-1,36348038743468;,725173889712485;-1,472348621372;-,750194626552281;-4,40273774966523;-,185612228225173;-2,34375438602829;0;-,798578284141444
30;Younger;1;Losses;0;1;,333333333333333;,928338762214984;937;967;0;100;50;0;307;12;0;2;1;6;5;33;26;9,46232220802562;7;7,16666666666667;7,16666666666667;3,7;1,9;3,625;3,375;-,988339460571094;-,432881879816649;-,895811053050935;-1,06632537404041;-1,36348038743468;-1,49852798674829;-3,04733693029157;,0458851540190427;,431172893816758;,75995950046911;,809023681220432;0;-,988339460571094
31;Younger;2;Losses;0;1;,583333333333333;,986754966887417;1009,5;1239,5;95;100;95;70;302;12;5;4;5;6;5;37;35;37,4824114277185;7;5,83333333333333;6,16666666666667;3,4;1,5;3,5;3,5;-,940899166463682;,384447543613387;,815760265218203;-,903709290331445;1,09754609546723;,502803702066407;-,291107389682324;,443925044304704;,431172893816758;-,0805487028146973;,297762373017936;0;-,940899166463682
